{
  "timestamp": "2026-06-10T21:18:39",
  "frame": "left_camera_rectified",
  "units": "cm",
  "tool_id": "bisturi_01",
  "tool_type": "bisturi",
  "tool_parameters": {
    "tool_id": "bisturi_01",
    "tool_type": "bisturi",
    "length_cm": null,
    "marker_distance_cm": 16.5,
    "tip_offset_cm": [
      0.0,
      0.0,
      0.0
    ],
    "marker_c_along_ab_cm": 5.8,
    "marker_c_offset_cm": 5.8,
    "marker_distance_tolerance_ratio": 0.15
  },
  "position_reference": "marker_a_tool_tip",
  "position_cm": [
    7.411591210090517,
    -4.395236057510974,
    69.28674180031747
  ],
  "tip_position_cm": [
    7.411591210090517,
    -4.395236057510974,
    69.28674180031747
  ],
  "direction": [
    0.7124543316844911,
    -0.6954017658138767,
    -0.0939425854814906
  ],
  "orientation": {
    "format": "rotation_matrix",
    "value": [
      [
        0.7124543316844911,
        -0.7014904682430463,
        -0.017887096694453066
      ],
      [
        -0.6954017658138767,
        -0.7092240897821745,
        0.11583425475906582
      ],
      [
        -0.0939425854814906,
        -0.0700878979339351,
        -0.9931074852181184
      ]
    ],
    "axes": {
      "x": "marker_a_to_marker_b",
      "y": "marker_a_to_marker_c_orthogonalized",
      "z": "x_cross_y"
    }
  },
  "marker_distance_cm": 15.885938565207626,
  "expected_marker_distance_cm": 16.5,
  "marker_distances_cm": {
    "ab": 15.885938565207626,
    "ac": 7.584738582976309,
    "bc": 11.928811244161176
  },
  "expected_marker_distances_cm": {
    "ab": 16.5,
    "ac": 8.202438661763951,
    "bc": 12.170866854912184
  },
  "confidence": 0.09210315393518517,
  "markers": {
    "center_3d_cm": [
      13.335081317103374,
      -10.078248736956526,
      68.81470672449804
    ],
    "a_3d_cm": [
      7.726496650288685,
      -4.501947203744229,
      69.54914546956333
    ],
    "b_3d_cm": [
      18.943665983918063,
      -15.654550270168823,
      68.08026797943275
    ],
    "c_3d_cm": [
      7.93873244352228,
      -11.972556020886334,
      70.84267523010176
    ],
    "a_left_px": [
      935.6241935483871,
      342.3496415770609
    ],
    "a_right_px": [
      739.2514677103718,
      344.4106327462491
    ],
    "b_left_px": [
      1159.8145580589255,
      119.79896013864818
    ],
    "b_right_px": [
      959.2062663185378,
      123.8062082970699
    ],
    "c_left_px": [
      936.9216208222418,
      202.47352854185152
    ],
    "c_right_px": [
      744.1345123258305,
      204.59431939978563
    ]
  },
  "stereo_rms": 2.1671790589089044,
  "epipolar_errors_px": {
    "a": 2.0609911691882417,
    "b": 4.007248158421717,
    "c": 2.120790857934111
  },
  "max_epipolar_error_px": 10.0,
  "processing_fps": 13.9066741875876,
  "temporal_filter": {
    "smoothing_alpha": 0.15,
    "max_position_jump_cm": 5.0,
    "max_orientation_jump_deg": 35.0
  },
  "tracking_status": "VALID"
}
