{
  "timestamp": "2026-06-10T18:59:52",
  "frame": "left_camera_rectified",
  "units": "cm",
  "tool_id": "bisturi_01",
  "tool_type": "bisturi",
  "tool_parameters": {
    "tool_id": "bisturi_01",
    "tool_type": "bisturi",
    "length_cm": null,
    "marker_distance_cm": 16.5,
    "tip_offset_cm": [
      0.0,
      0.0,
      0.0
    ],
    "marker_c_along_ab_cm": 5.8,
    "marker_c_offset_cm": 5.8,
    "marker_distance_tolerance_ratio": 0.15
  },
  "position_reference": "marker_a_tool_tip",
  "position_cm": [
    -0.025542620091818014,
    -8.944169590826295,
    60.242652197399366
  ],
  "tip_position_cm": [
    -0.025542620091818014,
    -8.944169590826295,
    60.242652197399366
  ],
  "direction": [
    -0.3188826345739779,
    0.947018730191795,
    -0.038332623613300816
  ],
  "orientation": {
    "format": "rotation_matrix",
    "value": [
      [
        -0.3188826345739779,
        0.9276259043566235,
        -0.1944840531604462
      ],
      [
        0.947018730191795,
        0.3035427351788439,
        -0.10496348215482551
      ],
      [
        -0.038332623613300816,
        -0.2176510727901488,
        -0.9752736131364461
      ]
    ],
    "axes": {
      "x": "marker_a_to_marker_b",
      "y": "marker_a_to_marker_c_orthogonalized",
      "z": "x_cross_y"
    }
  },
  "marker_distance_cm": 15.860158682438534,
  "expected_marker_distance_cm": 16.5,
  "marker_distances_cm": {
    "ab": 15.860158682438534,
    "ac": 7.507943104650028,
    "bc": 11.874691394255597
  },
  "expected_marker_distances_cm": {
    "ab": 16.5,
    "ac": 8.202438661763951,
    "bc": 12.170866854912184
  },
  "confidence": 0.19738505497685185,
  "markers": {
    "center_3d_cm": [
      -0.15962318440611933,
      -1.8749370020516545,
      63.03537861303487
    ],
    "a_3d_cm": [
      2.6408426943524543,
      -9.271618261620395,
      63.612141618337894
    ],
    "b_3d_cm": [
      -2.960089063164693,
      5.521744257517086,
      62.45861560773185
    ],
    "c_3d_cm": [
      5.607496984727289,
      -2.6603684085959025,
      61.64756854386443
    ],
    "a_left_px": [
      842.3064493064493,
      234.88717288717288
    ],
    "a_right_px": [
      627.6058096740273,
      234.5441640378549
    ],
    "b_left_px": [
      723.0659722222222,
      548.6610243055555
    ],
    "b_right_px": [
      504.40010002500617,
      548.8654663665916
    ],
    "c_left_px": [
      908.6218243819266,
      372.7270247229326
    ],
    "c_right_px": [
      687.0791666666667,
      371.9074074074074
    ]
  },
  "stereo_rms": 2.1671790589089044,
  "epipolar_errors_px": {
    "a": 0.34300884931798237,
    "b": 0.20444206103604756,
    "c": 0.8196173155251927
  },
  "max_epipolar_error_px": 10.0,
  "processing_fps": 15.162993622702013,
  "temporal_filter": {
    "smoothing_alpha": 0.15,
    "max_position_jump_cm": 5.0,
    "max_orientation_jump_deg": 35.0
  },
  "tracking_status": "VALID"
}
